{"keyset": {"lweSecretKeys": [{"id": 0, "params": {"lweDimension": 2048, "integerPrecision": 64, "keyType": "binary"}}, {"id": 1, "params": {"lweDimension": 609, "integerPrecision": 64, "keyType": "binary"}}, {"id": 2, "params": {"lweDimension": 8192, "integerPrecision": 64, "keyType": "binary"}}, {"id": 3, "params": {"lweDimension": 830, "integerPrecision": 64, "keyType": "binary"}}, {"id": 4, "params": {"lweDimension": 4096, "integerPrecision": 64, "keyType": "binary"}}, {"id": 5, "params": {"lweDimension": 787, "integerPrecision": 64, "keyType": "binary"}}], "lweBootstrapKeys": [{"id": 0, "inputId": 1, "outputId": 0, "params": {"levelCount": 1, "baseLog": 23, "glweDimension": 4, "polynomialSize": 512, "variance": 8.442253112932959e-31, "integerPrecision": 64, "modulus": {"modulus": {"native": {}}}, "keyType": "binary", "inputLweDimension": 609}, "compression": "seed"}, {"id": 1, "inputId": 3, "outputId": 2, "params": {"levelCount": 2, "baseLog": 15, "glweDimension": 1, "polynomialSize": 8192, "variance": 4.70197740328915e-38, "integerPrecision": 64, "modulus": {"modulus": {"native": {}}}, "keyType": "binary", "inputLweDimension": 830}, "compression": "seed"}, {"id": 2, "inputId": 5, "outputId": 4, "params": {"levelCount": 2, "baseLog": 15, "glweDimension": 1, "polynomialSize": 4096, "variance": 4.70197740328915e-38, "integerPrecision": 64, "modulus": {"modulus": {"native": {}}}, "keyType": "binary", "inputLweDimension": 787}, "compression": "seed"}], "lweKeyswitchKeys": [{"id": 0, "inputId": 0, "outputId": 1, "params": {"levelCount": 3, "baseLog": 3, "variance": 1.546075779742118e-08, "integerPrecision": 64, "modulus": {"modulus": {"native": {}}}, "keyType": "binary", "inputLweDimension": 2048, "outputLweDimension": 609}, "compression": "seed"}, {"id": 1, "inputId": 0, "outputId": 3, "params": {"levelCount": 8, "baseLog": 2, "variance": 5.890324940424546e-12, "integerPrecision": 64, "modulus": {"modulus": {"native": {}}}, "keyType": "binary", "inputLweDimension": 2048, "outputLweDimension": 830}, "compression": "seed"}, {"id": 2, "inputId": 2, "outputId": 0, "params": {"levelCount": 1, "baseLog": 25, "variance": 8.442253112932959e-31, "integerPrecision": 64, "modulus": {"modulus": {"native": {}}}, "keyType": "binary", "inputLweDimension": 8192, "outputLweDimension": 2048}, "compression": "seed"}, {"id": 3, "inputId": 0, "outputId": 5, "params": {"levelCount": 8, "baseLog": 2, "variance": 2.7251621928296953e-11, "integerPrecision": 64, "modulus": {"modulus": {"native": {}}}, "keyType": "binary", "inputLweDimension": 2048, "outputLweDimension": 787}, "compression": "seed"}], "packingKeyswitchKeys": []}, "circuits": [{"inputs": [{"rawInfo": {"shape": {"dimensions": [1, 70, 3]}, "integerPrecision": 64, "isSigned": false}, "typeInfo": {"lweCiphertext": {"abstractShape": {"dimensions": [1, 70]}, "concreteShape": {"dimensions": [1, 70, 3]}, "integerPrecision": 64, "encryption": {"keyId": 0, "variance": 8.442253112932959e-31, "lweDimension": 2048, "modulus": {"modulus": {"native": {}}}}, "compression": "seed", "encoding": {"integer": {"width": 9, "isSigned": false, "mode": {"native": {}}}}}}}], "outputs": [{"rawInfo": {"shape": {"dimensions": [1, 1, 4097]}, "integerPrecision": 64, "isSigned": false}, "typeInfo": {"lweCiphertext": {"abstractShape": {"dimensions": [1, 1]}, "concreteShape": {"dimensions": [1, 1, 4097]}, "integerPrecision": 64, "encryption": {"keyId": 4, "variance": 4.70197740328915e-38, "lweDimension": 4096, "modulus": {"modulus": {"native": {}}}}, "compression": "none", "encoding": {"integer": {"width": 10, "isSigned": false, "mode": {"native": {}}}}}}}], "name": "_clear_forward_proxy"}], "tfhers_specs": {"input_types_per_func": {"_clear_forward_proxy": [null]}, "output_types_per_func": {"_clear_forward_proxy": [null]}, "input_shapes_per_func": {"_clear_forward_proxy": [null]}, "output_shapes_per_func": {"_clear_forward_proxy": [null]}}}